<?xml version="1.0" encoding="UTF-8"?>
<project-private xmlns="http://www.netbeans.org/ns/project-private/1">
    <editor-bookmarks xmlns="http://www.netbeans.org/ns/editor-bookmarks/2" lastBookmarkId="0"/>
    <open-files xmlns="http://www.netbeans.org/ns/projectui-open-files/2">
        <group>
            <file>file:/C:/Users/Samuel/Documents/Metodos_e_Tecnicas_De_Programação/MeuPrimeiroJframe/src/meuprimeirojframe/TelaCadastro.java</file>
            <file>file:/C:/Users/Samuel/Documents/Metodos_e_Tecnicas_De_Programação/MeuPrimeiroJframe/src/meuprimeirojframe/MostrarPost.java</file>
            <file>file:/C:/Users/Samuel/Documents/Metodos_e_Tecnicas_De_Programação/MeuPrimeiroJframe/src/meuprimeirojframe/JframeVaiMostrarPostDeTodosParaDarLike.java</file>
            <file>file:/C:/Users/Samuel/Documents/Metodos_e_Tecnicas_De_Programação/MeuPrimeiroJframe/src/meuprimeirojframe/TelaVisualizacaoDosLikes.java</file>
            <file>file:/C:/Users/Samuel/Documents/Metodos_e_Tecnicas_De_Programação/MeuPrimeiroJframe/src/meuprimeirojframe/TelaLoginUm.java</file>
            <file>file:/C:/Users/Samuel/Documents/Metodos_e_Tecnicas_De_Programação/MeuPrimeiroJframe/src/meuprimeirojframe/TelaPrincipalDoSistemaAlteraCadastro.java</file>
            <file>file:/C:/Users/Samuel/Documents/Metodos_e_Tecnicas_De_Programação/MeuPrimeiroJframe/src/meuprimeirojframe/PupularLikePost.java</file>
            <file>file:/C:/Users/Samuel/Documents/Metodos_e_Tecnicas_De_Programação/MeuPrimeiroJframe/src/meuprimeirojframe/ConexaoBancoDeDados.java</file>
            <file>file:/C:/Users/Samuel/Documents/Metodos_e_Tecnicas_De_Programação/MeuPrimeiroJframe/src/meuprimeirojframe/PanelParaVerPostEDarLike.java</file>
            <file>file:/C:/Users/Samuel/Documents/Metodos_e_Tecnicas_De_Programação/MeuPrimeiroJframe/src/meuprimeirojframe/ClassePost.java</file>
            <file>file:/C:/Users/Samuel/Documents/Metodos_e_Tecnicas_De_Programação/MeuPrimeiroJframe/src/meuprimeirojframe/CriarPost.java</file>
            <file>file:/C:/Users/Samuel/Documents/Metodos_e_Tecnicas_De_Programação/MeuPrimeiroJframe/src/meuprimeirojframe/TelaInicioProjetoMTPParte1.java</file>
            <file>file:/C:/Users/Samuel/Documents/Metodos_e_Tecnicas_De_Programação/MeuPrimeiroJframe/src/meuprimeirojframe/UsuarioDataBase.java</file>
            <file>file:/C:/Users/Samuel/Documents/Metodos_e_Tecnicas_De_Programação/MeuPrimeiroJframe/src/meuprimeirojframe/JPanelMostraLikesRecebidos.java</file>
        </group>
    </open-files>
</project-private>
